Employee Name, Employee Number, State, Zip, Age, Manager Name
Mia Brown,1103024456,MA,1450,32,Brandon R. LeBlanc
William LaRotonda,1106026572,MA,1460,33,Brandon R. LeBlanc
Tyrone Steans,1302053333,MA,2703,31,Brandon R. LeBlanc
Estelle Howard,1211050782,MA,2170,32,Brandon R. LeBlanc
Nan Singh,1307059817,MA,2330,29,Brandon R. LeBlanc
LeighAnn Smith,711007713,MA,1844,30,Brandon R. LeBlanc
BrandonR LeBlanc,1102024115,MA,1460,33,Janet King
Sean Quinn,1206043417,MA,2045,33,Janet King
Bonalyn Boutwell,1307060188,MA,2468,30,Brandon R. LeBlanc
Amy Foster-Baker,1201031308,MA,2050,38,Board of Directors
Janet King,1001495124,MA,1902,63,Board of Directors
Jennifer Zamora,1112030816,MA,2067,38,Janet King
Renee Becker,1102024056,MA,2026,31,Simon Roup
Taisha Goble,905013738,MA,2127,46,Simon Roup
Daniff Hernandez,1410071156,MA,1960,31,Simon Roup
Jayne Horton,1105025718,MA,2493,33,Simon Roup
Noelle Johnson,1003018246,MA,2301,31,Simon Roup
Thomas Murray,1406068403,TX,78230,29,Simon Roup
Randall Pearson,1102023965,MA,2747,33,Simon Roup
Thelma Petrowsky,1108027853,MA,1886,33,Simon Roup
Lori Roby,1407068885,MA,1886,36,Simon Roup
Ivan Rogers,1203032255,MA,1810,31,Simon Roup
Jason Salter,1111030148,MA,2452,30,Simon Roup
Kramer Simard,808010278,MA,2110,47,Simon Roup
Julia Zhou,1110029732,MA,2148,38,Simon Roup
Jason Foss,1192991000,MA,1460,37,Jennifer Zamora
Simon Roup,1106026933,MA,2481,44,Jennifer Zamora
Ricardo Ruiz,1001175250,MA,1915,54,Jennifer Zamora
Peter Monroe,1011022863,MA,2134,31,Jennifer Zamora
Eric Dougall,1101023754,MA,1886,47,Jennifer Zamora
Rick Clayton,1301052902,MA,2170,32,Eric Dougall
Lisa Galia,1501072093,CT,6040,49,Eric Dougall
Leonara Lindsay,602000312,CT,6070,29,Eric Dougall
Julia Soto,1203032263,MA,2360,44,Eric Dougall
Alejandro Bacong,1212052023,MA,1886,30,Peter Monroe
Anthony Cisco,1102024173,MA,2135,28,Peter Monroe
Linda Dolan,1101023540,MA,2119,29,Peter Monroe
Maria Gonzalez,1988299991,MA,2472,36,Peter Monroe
Carlos Merlos,1012023013,MA,2138,30,Peter Monroe
Tanya Morway,1001956578,MA,2048,38,Peter Monroe
Anita Shepard,906014183,MA,1773,36,Peter Monroe
Neville Tredinnick,1104025466,MA,1420,29,Peter Monroe
Jumil Turpin,1411071506,MA,2343,48,Peter Monroe
Karthikeyan AitSidi,1307060199,MA,2148,42,Simon Roup
ClaudiaN Carr,1010022337,MA,1886,31,Simon Roup
Donald Favis,1412071562,CT,6033,53,Simon Roup
Bianca Roehrich,1111030266,MA,2703,44,Simon Roup
Ann Daniele,1411071312,CT,6033,66,Peter Monroe
Jyoti Lajiri,1108028108,MA,2169,31,Peter Monroe
Jeremiah Semizoglou,904013591,MA,1545,34,Peter Monroe
Joe South,1308060959,CT,6278,52,Peter Monroe
Sarah Warfield,1301052347,MA,2453,39,Peter Monroe
Elisa Bramante,1006020066,MA,2030,34,Janet King
Michael Albert,1501072311,MA,2169,49,Janet King
Charles Bozzi,1303054580,MA,1901,47,Janet King
WebsterL Butler,1110029990,MA,2169,34,Janet King
Amy Dunn,1409070147,MA,1731,44,Janet King
Elijiah Gray,1307060077,MA,1752,36,Janet King
Jonathan Hogland,1001944783,MA,1890,45,Janet King
Walter Immediato,1403065874,MA,2128,41,Janet King
Ketsia Liebig,1103024679,MA,2110,36,Janet King
Brannon Miller,1107027351,MA,2045,36,Janet King
Ebonee Peterson,1402065355,MA,2030,40,Janet King
Kelley Spirea,1102024149,MA,2451,42,Janet King
David Stanley,1000974650,MA,1803,42,Janet King
Kissy Sullivan,1405067298,MA,1776,39,Janet King
CourtneyE Wallace,1410071026,MA,2478,62,Janet King
WilsonK Adinolfi,1409070522,MA,1960,34,Michael Albert
Trina Alagbe,1011022883,MA,1886,29,Elijiah Gray
Carol Anderson,1001417624,MA,2169,28,Webster Butler
Linda Anderson,1304055947,MA,1844,40,Amy Dunn
Sam Athwal,1301052124,MA,2199,34,Ketsia Liebig
Linda Bachiochi,1212051409,MA,1902,47,Brannon Miller
Rachael Baczenski,1307060083,MA,1902,44,David Stanley
Thomas Barbara,1312063507,MA,2062,43,Kissy Sullivan
FrancescoA Barone,1101023679,MA,1810,34,Kelley Spirea
Nader Barton,1212051962,MA,2747,40,Michael Albert
Courtney Beatrice,1403066194,MA,1915,47,Elijiah Gray
Scott Becker,1110029777,MA,2452,38,Webster Butler
Sean Bernstein,1109029366,MA,2072,47,Amy Dunn
LowanM Biden,1412071844,MA,2027,59,Ketsia Liebig
Helen Billis,1308060366,MA,2031,28,Brannon Miller
Donna Brill,1406068293,MA,1701,27,David Stanley
Josephine Bugali,1408069635,MA,2043,48,Kissy Sullivan
Michael Carey,1311063114,MA,1701,34,Kelley Spirea
Beatrice Chace,1208048062,MA,2763,67,Michael Albert
Lin Chan,1305057282,MA,2170,38,Elijiah Gray
DonovanE Chang,1111030129,MA,1845,34,Webster Butler
Enola Chivukula,1101023394,MA,1775,34,Amy Dunn
Caroline Cierpiszewski,1012023295,MA,2044,29,Ketsia Liebig
Elijian Clukey,1407069280,MA,2134,37,Brannon Miller
James Cockel,1599991009,MA,2452,40,David Stanley
Spencer Cole,1001450968,MA,1880,38,Kissy Sullivan
Lisa Cornett,1403066069,MA,2189,40,Kelley Spirea
Jean Crimmings,1311063172,MA,1821,30,Michael Albert
Jeneya Darson,1001109612,MA,2110,39,Elijiah Gray
James DeGweck,1306058816,MA,1810,40,Webster Butler
Carl Desimone,1501072124,MA,2061,50,Amy Dunn
Geoff Dickinson,706006285,MA,2180,35,Ketsia Liebig
Lily DiNocco,1209048696,MA,2351,39,Brannon Miller
DenisaS Dobrin,1202031618,MA,2125,31,David Stanley
Marianne Eaton,1406067865,MA,2343,26,Kissy Sullivan
Jean Engdahl,1007020403,MA,2026,43,Kelley Spirea
Rex England,1101023612,MA,2045,39,Kelley Spirea
Miguel Estremera,1104025243,MA,2129,34,Michael Albert
April Evensen,1107027392,MA,2458,28,Elijiah Gray
Susan Ferguson,1502072511,MA,2176,62,Webster Butler
Nilson Fernandes,1302053339,MA,2132,28,Amy Dunn
Violeta Ferreira,803009012,MA,2176,31,Ketsia Liebig
Libby Fidelia,1006020020,MA,2155,36,Brannon Miller
Raul Garcia,1309061015,MA,1905,32,David Stanley
Hamish Garneau,1104025414,MA,1550,37,Kissy Sullivan
Barbara Gaul,1105026041,MA,2121,34,Kelley Spirea
Mildred Gentry,1501072192,MA,2145,27,Michael Albert
Melisa Gerke,1308060622,MA,2330,47,Elijiah Gray
Alex Gilles,1008020960,MA,2062,43,Webster Butler
Evelyn Girifalco,1204032927,MA,2451,37,Amy Dunn
Shenice Gold,1408069539,MA,2451,25,Ketsia Liebig
Cayo Gonzalez,1411071212,MA,2108,48,Brannon Miller
David Gordon,1106026579,MA,2169,38,David Stanley
Roxana Goyal,1312063675,MA,1864,43,Kissy Sullivan
Paula Gross,1103024859,MA,2176,34,Kelley Spirea
Joanne Handschiegl,1405067064,MA,2127,40,Michael Albert
Ludwick Harrell,1406068241,MA,1776,35,Elijiah Gray
Christie Harrington,1110029602,MA,2324,65,Webster Butler
Kara Harrison,1404066622,MA,1886,43,Amy Dunn
Anthony Heitzman,1002017900,MA,2149,34,Ketsia Liebig
Rose Ivey,1408069882,MA,1775,27,Brannon Miller
Maryellen Jackson,1201031438,MA,2081,45,David Stanley
Hannah Jacobi,1503072857,MA,1778,51,Kissy Sullivan
Sneha Jhaveri,1412071713,MA,2109,53,Kelley Spirea
George Johnson,1105025721,MA,2445,58,Michael Albert
Judy Jung,1107027450,MA,2446,31,Elijiah Gray
Kramer Keatts,1301052462,MA,1887,42,Michael Albert
Kathleen Kinsella,710007401,MA,2170,44,Webster Butler
Alexandra Kirill,903013071,MA,2127,47,Amy Dunn
BradleyJ Knapp,1304055683,MA,1721,40,Ketsia Liebig
John Kretschmer,1311062610,MA,1801,37,Brannon Miller
Enrico Langton,1304055987,MA,2048,31,David Stanley
Dallas Leach,1408069409,MA,1810,39,Kissy Sullivan
JonathanR LeBel,1107027575,MA,2050,36,Kelley Spirea
Marilyn Linares,1206042315,MA,1886,36,Michael Albert
Allison Lydon,1101023353,MA,2122,42,Elijiah Gray
Lindsay Lynch,1001138521,MA,1844,44,Webster Butler
Samuel MacLennan,1201031032,MA,1938,45,Amy Dunn
Lauren Mahoney,1209049259,MA,2189,31,Ketsia Liebig
Debbie Mangal,1308060754,MA,2451,43,Brannon Miller
Shana Maurice,1401064327,MA,2330,40,David Stanley
Sandy Mckenna,909015167,MA,2184,31,Kissy Sullivan
Elizabeth Meads,1409070245,MA,1760,49,Kelley Spirea
Jennifer Medeiros,1109029256,MA,2346,41,Michael Albert
Dawn Motlagh,1102024121,MA,2453,33,Elijiah Gray
Colombui Ndzi,1204033041,MA,2110,28,Webster Butler
Richard Newman,1302053044,MA,2136,40,Ketsia Liebig
Shari Ngodup,1403066020,MA,1810,50,Brannon Miller
Lei-Ming Nguyen,1203032357,MA,2132,33,David Stanley
Lynn Ohare,1206044851,MA,2152,37,Kissy Sullivan
Adeel Osturnka,1404066949,MA,2478,41,Kelley Spirea
Clinton Owad,1103024335,MA,1760,38,Michael Albert
Nina Panjwani,1109029531,MA,2351,38,Elijiah Gray
Emil Pelech,1307060058,MA,2458,29,Webster Butler
Shakira Perry,1109029186,MA,2176,31,Amy Dunn
Kayla Peterson,1307059944,MA,1749,44,Ketsia Liebig
Hong Pham,1305057440,MA,2451,29,Brannon Miller
Brad Pitt,1001735072,MA,2451,36,David Stanley
Morissa Power,1102024274,MA,1742,33,Kissy Sullivan
Louis Punjabhi,1401064562,MA,2109,56,Kelley Spirea
Janine Purinton,1011022926,MA,2474,47,Kissy Sullivan
Quinn Rarrick,1208048229,MA,2478,33,Michael Albert
Thomas Rhoads,1211050793,MA,2176,35,Elijiah Gray
Haley Rivera,1405067642,MA,2171,45,Webster Butler
Alain Robinson,1206038000,MA,1420,44,Amy Dunn
Cherly Robinson,1403065625,MA,1460,33,Ketsia Liebig
Elias Robinson,1011022887,MA,1730,33,Brannon Miller
Ashley Rose,710007555,MA,1886,43,David Stanley
Bruno Rossetti,1405067492,MA,2155,30,Kissy Sullivan
Melinda Saar-Beckles,1410070998,MA,1801,49,Kelley Spirea
Nore Sadki,1308060535,MA,2148,43,Michael Albert
Kamrin Sander,1302053362,MA,2154,29,Elijiah Gray
Nori Sewkumar,807010161,MA,2191,42,Webster Butler
Seffi Shields,1205033102,MA,2149,32,Amy Dunn
Sade Smith,1501071909,MA,2130,53,Ketsia Liebig
Taylor Sparks,1410071137,MA,2093,49,Brannon Miller
Kristen Squatrito,1405067138,MA,2359,44,David Stanley
BarbaraM Stanford,1111030244,MA,2050,35,Kissy Sullivan
Rick Stoica,1106026896,MA,2301,32,Kelley Spirea
Timothy Sullivan,1201031310,MA,2747,35,Michael Albert
Barbara Sutwell,1407069061,MA,2718,49,Elijiah Gray
Desiree Tavares,1405067501,MA,1801,42,Webster Butler
Sophia Theamstern,1404066739,MA,2066,52,Amy Dunn
Theresa Tinto,1103024504,MA,1876,34,Ketsia Liebig
Jeanette Tippett,1409070255,MA,2093,50,Brannon Miller
Mei Trang,1012023152,MA,2021,34,David Stanley
Abdellah Veera,1203032235,MA,2171,30,Kissy Sullivan
Colleen Volk,1011022814,MA,2747,31,Kelley Spirea
Anna VonMassenbach,1106026474,MA,2124,32,Michael Albert
Theresa Wallace,1101023619,MA,1887,37,Elijiah Gray
Scott Whittier,1307060212,MA,2030,30,Webster Butler
Barry Wilber,1101023839,MA,2324,52,Amy Dunn
Jacquelyn Williams,1308060671,MA,2109,48,Ketsia Liebig
Catherine Ybarra,1001268402,MA,2458,35,Brannon Miller
Colleen Zima,1211051232,MA,1730,39,David Stanley
Sarah Akinkuolie,1005019209,MA,1810,29,Kissy Sullivan
Kimberly Beak,1303054329,MA,2145,51,Kelley Spirea
Dianna Blount,1403066125,MA,2171,27,Michael Albert
Betsy Bondwell,1008021030,MA,2210,51,Elijiah Gray
Joseph Buccheri,1101023457,MA,1013,34,Webster Butler
Joelle Burke,1011022820,MA,2148,37,Amy Dunn
Benjamin Burkett,1301052449,MA,1890,40,Ketsia Liebig
Jennifer Cloninger,1012023226,MA,1752,36,Brannon Miller
Phil Close,1209048697,MA,2169,39,David Stanley
Daniel Davis,1201031274,MA,2458,38,Kissy Sullivan
Carla Demita,1104025179,MA,2343,66,Kelley Spirea
Angela Erilus,1105025661,MA,2133,28,Michael Albert
Megan Faller,1108028428,MA,1824,39,Elijiah Gray
Nicole Fancett,1402065085,MA,2324,30,Webster Butler
MichaelJ Fitzpatrick,1109029103,MA,2143,36,Amy Dunn
Tanya Foreman,1012023204,MA,2170,34,Ketsia Liebig
Juan Gonzalez,1411071324,MA,2128,53,Brannon Miller
Susan Good,1001549006,MA,1886,31,David Stanley
Phylicia Gosciminski,1108028351,MA,1824,34,Kissy Sullivan
Earnest Hankard,1307059937,MA,2155,29,Kelley Spirea
Trina Hendrickson,1011022932,MA,2021,45,Kelley Spirea
AdrienneJ Homberger,1207046956,MA,2445,33,Michael Albert
Julissa Hunts,1106026433,MA,2021,33,Elijiah Gray
Rosalie Hutter,1103024924,MA,2351,25,Webster Butler
Ming Huynh,1306058509,MA,1742,41,Amy Dunn
Tayana Jeannite,1008020942,MA,1821,31,Ketsia Liebig
Yen Johnston,1306057810,MA,2128,48,Brannon Miller
Lindsey Langford,1010022030,MA,2090,38,David Stanley
Mohammed Latif,1104025486,MA,2126,33,Kissy Sullivan
Mathew Linden,1405067565,MA,1770,38,Kelley Spirea
Susan Lundy,1305056276,MA,2122,41,Michael Albert
Lisa Lunquist,1001504432,MA,2324,35,Elijiah Gray
Robyn Manchester,1110029623,MA,2324,41,Webster Butler
Karen Mancuso,1304055986,MA,2176,31,Amy Dunn
Brigit McCarthy,1406067957,MA,2149,30,Ketsia Liebig
Ned Miller,1205033439,MA,2472,32,Brannon Miller
Erasumus Monkfish,1404066711,MA,1450,25,David Stanley
Luisa Monterro,1001103149,MA,2126,47,Kissy Sullivan
Patrick Moran,1408069503,MA,2127,41,Kelley Spirea
Maliki Moumanil,1301052436,MA,1460,43,Michael Albert
Kristie Nowlan,1104025435,MA,1040,32,Elijiah Gray
Brooke Oliver,1001856521,MA,2492,65,Webster Butler
Ermine Pelletier,1202031821,MA,2472,28,Amy Dunn
Lauren Peters,1411071406,MA,1886,31,Ketsia Liebig
Shana Petingill,1103024843,MA,2050,38,Brannon Miller
May Roberson,1402065340,MA,1902,36,David Stanley
Peter Robertson,1499902991,MA,2138,45,Kissy Sullivan
Adil Sahoo,1106026462,MA,2062,31,Kelley Spirea
Constance Sloan,1012023103,MA,1851,30,Michael Albert
Joe Smith,1001970770,MA,2045,54,Elijiah Gray
Lenora Tejeda,1406068345,MA,2129,64,Elijiah Gray
Kenneth Thibaud,1011022777,MA,2472,42,Webster Butler
Cybil Trzeciak,1107027551,MA,1778,32,Amy Dunn
Roger Walker,1011022818,MA,2459,41,Ketsia Liebig
Jordan Winthrop,1405067188,MA,2045,59,Brannon Miller
HangT Wolk,1205033180,MA,2302,32,David Stanley
Jason Woodson,1012023010,MA,1810,32,Kissy Sullivan
Edward Buck,1504073313,MA,2330,42,Lynn Daneault
Jessica Bunbury,1504073368,VA,21851,53,John Smith
Michelle Carter,1403065721,VT,5664,54,John Smith
Latia Costa,1409070567,CA,90007,29,Lynn Daneault
Jenna Dietrich,1408069481,WA,98052,30,John Smith
Alfred Digitale,1306059197,NH,3062,29,John Smith
Maruk Fraval,1411071302,CT,6050,54,Lynn Daneault
Gerry Friedman,1204032843,NY,10171,48,John Smith
Whitney Gill,1302053046,OH,43050,46,John Smith
Myriam Givens,1203032099,IN,46204,28,Lynn Daneault
Ricardo Gonzales,1411071481,ID,83706,63,John Smith
Mike Guilianno,1001167253,TN,37129,48,John Smith
Prater Jeremy,1001084890,NV,89139,43,Lynn Daneault
Bartholemew Khemmich,1104025008,CO,80820,38,Lynn Daneault
Giovanni Leruth,1412071660,UT,84111,29,John Smith
Joseph Martins,1209048771,TX,78207,47,Lynn Daneault
Jac McKinzie,1209049326,TX,78789,33,Lynn Daneault
Howard Mullaney,1306057978,AL,36006,42,John Smith
Dheepa Nguyen,1111030684,GA,30428,28,Lynn Daneault
Jasmine Onque,1501072180,FL,33174,27,Lynn Daneault
Travis Ozark,812011761,NC,27229,35,John Smith
Xana Potts,1102024106,KY,40220,29,Lynn Daneault
Michael Riordan,1502072711,ND,58782,50,Lynn Daneault
Caitrin Strong,1411071295,MT,59102,28,John Smith
Sharlene Terry,1401064637,OR,97756,52,Lynn Daneault
Jackie Valentin,1312063714,AZ,85006,26,John Smith
Noah Villanueva,1111030503,ME,4063,28,John Smith
Debra Houlihan,1009021646,RI,2908,51,Janet King
Alex Sweetwater,1001644719,MA,2184,51,Jennifer Zamora
Donysha Kampew,1109029264,PA,19444,28,Debra Houlihan
John Smith,1499902910,MA,1886,33,Debra Houlihan
Colby Andreola,1107027358,MA,2110,38,Alex Sweetwater
Judith Carabbio,1101023577,MA,2132,30,Alex Sweetwater
Keyla DelBosque,1203032498,MA,2176,38,Alex Sweetwater
Susan Exantus,1401064670,MA,1749,30,Alex Sweetwater
Sandra Martin,1303054625,MA,2135,30,Alex Sweetwater
Luke Patronick,1112030979,MA,1844,38,Alex Sweetwater
Adell Saada,1012023185,MA,2132,31,Alex Sweetwater
Andrew Szabo,1201031324,MA,2140,34,Alex Sweetwater
Edward True,1102024057,MA,2451,34,Alex Sweetwater
Lynn Daneault,1402065303,VT,5473,27,Debra Houlihan
